id,name,gender,age,phone,address
1,lo,Female,22,010-9943-0189,서울특별시 구로구
2,ni,Male,60,010-9623-6655,서울특별시 강남구
3,qk,Male,39,010-8012-9495,서울특별시 서대문구
4,dk,Male,70,010-3417-4861,경기도 고양시
5,ji,Female,67,010-5893-9683,경기도 가평군
6,or,Male,59,010-4473-6471,경기도 안양시
7,ki,Male,53,010-9426-3206,경기도 김포시
8,im,Female,40,010-2334-7622,서울특별시 강서구
9,av,Male,55,010-7111-7981,서울특별시 서대문구
10,co,Female,67,010-6212-3992,서울특별시 서대문구
11,so,Female,54,010-9273-3123,서울특별시 양천구
12,ol,Female,20,010-0974-1362,경기도 동두천시
13,hy,Female,67,010-3670-6948,경기도 남양주시
14,gp,Male,35,010-4464-6962,경기도 안성시
15,lj,Male,39,010-7573-6175,서울특별시 중랑구
16,yo,Male,54,010-3836-9418,경기도 이천시
17,fi,Female,28,010-1202-3806,서울특별시 서초구
18,ja,Female,35,010-0992-5846,서울특별시 중랑구
19,js,Male,24,010-3771-2213,서울특별시 송파구
20,nd,Male,48,010-8399-8141,서울특별시 구로구
21,vi,Female,58,010-3071-3812,경기도 군포시
22,ea,Male,66,010-6978-5227,서울특별시 노원구
23,9b,Male,61,010-8962-4796,경기도 군포시
24,di,Male,64,010-4474-2307,경기도 광주시
25,sa,Female,64,010-5941-1454,경기도 안양시
26,sh,Male,39,010-9082-2590,경기도 남양주시
27,h0,Female,58,010-8735-5802,서울특별시 양천구
28,bi,Female,33,010-9399-9955,서울특별시 노원구
29,ge,Male,28,010-3195-1566,경기도 하남시
30,tw,Female,34,010-9492-3076,서울특별시 강서구
31,ff,Male,21,010-2056-0306,경기도 시흥시
32,ma,Female,50,010-7523-9740,경기도 양주시
33,en,Female,39,010-5124-9760,서울특별시 송파구
34,ch,Male,46,010-8910-1682,경기도 군포시
35,be,Female,39,010-7858-4435,경기도 구리시
36,hw,Male,37,010-9644-8713,서울특별시 양천구
37,hi,Female,37,010-1472-0046,경기도 과천시
38,ko,Male,46,010-5718-4751,서울특별시 양천구
39,ya,Male,64,010-6296-9014,서울특별시 성북구
40,wg,Male,32,010-7189-5010,경기도 양평군
41,xo,Male,35,010-5758-9086,경기도 구리시
42,hj,Female,35,010-0831-7397,경기도 파주시
43,51,Male,45,010-8444-7659,서울특별시 성북구
44,of,Male,52,010-5187-3547,서울특별시 금천구
45,go,Male,53,010-4144-5631,서울특별시 금천구
46,gh,Female,64,010-3210-1899,경기도 의왕시
47,dn,Female,39,010-5535-9650,경기도 성남시
48,sk,Male,40,010-1659-0299,경기도 김포시
49,al,Female,41,010-0049-9877,경기도 의왕시
50,ho,Male,48,010-6434-2245,서울특별시 서초구
51,po,Female,46,010-1512-0339,서울특별시 중랑구
52,db,Female,34,010-3951-8244,경기도 양평군
53,qo,Female,70,010-9389-7637,서울특별시 강북구
54,lg,Female,40,010-0089-8887,경기도 화성시
55,do,Male,50,010-7420-9313,경기도 화성시
56,st,Male,63,010-5852-7552,서울특별시 관악구
57,No,Female,51,010-1054-8077,경기도 가평군
58,vn,Male,34,010-2164-2627,경기도 가평군
59,bl,Male,30,010-3803-7452,경기도 의정부시
60,ob,Female,30,010-9768-4619,경기도 수원시
61,ju,Male,55,010-7214-9743,경기도 과천시
62,lm,Female,33,010-9384-1853,경기도 용인시
63,an,Male,64,010-0624-9290,서울특별시 마포구
64,pt,Female,65,010-6866-3521,서울특별시 관악구
65,jo,Female,38,010-2984-1389,경기도 부천시
66,jc,Male,30,010-4578-3526,경기도 양주시
67,as,Female,20,010-6407-3829,경기도 양평군
68,fe,Female,59,010-6522-9288,경기도 양평군
69,ss,Female,41,010-5032-0493,경기도 안성시
70,wn,Female,62,010-2161-5647,경기도 평택시
71,ek,Female,35,010-4489-7302,경기도 안성시
72,jp,Female,50,010-7174-2264,경기도 의왕시
73,op,Female,52,010-9845-6393,경기도 광명시
74,wl,Male,46,010-1361-8037,경기도 과천시
75,fl,Male,70,010-4877-2881,서울특별시 중랑구
76,he,Male,30,010-0554-9924,서울특별시 강북구
77,ti,Male,35,010-8026-5885,서울특별시 강북구
78,pa,Male,46,010-2822-8649,서울특별시 서초구
79,li,Female,55,010-8624-4394,서울특별시 구로구
80,pr,Female,37,010-6275-1401,경기도 용인시
81,cw,Female,70,010-4531-9723,경기도 시흥시
82,ba,Female,25,010-4975-8432,경기도 김포시
83,bn,Male,42,010-5494-5902,경기도 안산시
84,su,Female,61,010-0727-4282,경기도 하남시
85,ls,Male,29,010-6651-8320,경기도 광명시
86,ks,Female,48,010-4065-6969,서울특별시 강서구
87,yu,Female,18,010-1010-9433,서울특별시 광진구
88,10,Female,41,010-9853-7908,경기도 평택시
89,id,Male,45,010-9429-9501,경기도 양평군
90,dd,Female,61,010-7954-2585,경기도 화성시
91,kt,Female,47,010-4516-7068,서울특별시 중랑구
92,kj,Female,58,010-0872-4698,경기도 평택시
93,ka,Male,60,010-5126-5120,경기도 파주시
94,uu,Male,26,010-8055-8702,경기도 평택시
95,gc,Male,65,010-9661-3354,서울특별시 강서구
96,pj,Male,42,010-4059-7188,서울특별시 중랑구
97,ce,Male,23,010-2929-4344,경기도 남양주시
98,th,Male,69,010-8686-5770,경기도 양주시
99,le,Male,21,010-1817-5915,서울특별시 송파구
100,da,Female,60,010-3875-7686,경기도 안산시
101,to,Male,33,010-7617-2040,경기도 안양시
102,je,Male,22,010-2261-2282,경기도 광명시
103,a3,Female,42,010-5608-4257,서울특별시 서대문구
104,la,Male,64,010-5098-0227,경기도 남양주시
105,cr,Female,42,010-9373-6430,경기도 남양주시
106,na,Male,66,010-5553-3114,서울특별시 은평구
107,wy,Female,26,010-2727-8550,경기도 광주시
108,rl,Female,34,010-8279-0459,서울특별시 은평구
109,za,Female,58,010-2731-2447,서울특별시 노원구
110,gu,Female,42,010-1088-7463,경기도 가평군
111,cs,Female,29,010-8835-6170,서울특별시 양천구
112,wa,Female,23,010-1756-2419,서울특별시 양천구
113,fp,Female,39,010-6080-1159,서울특별시 강남구
114,no,Female,25,010-2266-8071,경기도 부천시
115,dl,Female,43,010-6195-9361,경기도 용인시
116,wh,Female,32,010-1190-4474,경기도 의정부시
117,os,Male,35,010-0459-7002,경기도 평택시
118,gr,Male,26,010-2879-2155,경기도 남양주시
119,at,Female,47,010-3109-0308,서울특별시 구로구
120,by,Female,65,010-4918-0949,경기도 안양시
121,ro,Female,20,010-0074-9450,경기도 성남시
122,my,Female,43,010-0677-8760,서울특별시 도봉구
123,yk,Female,70,010-7773-0445,경기도 과천시
124,eh,Male,46,010-7603-0739,경기도 부천시
125,il,Female,62,010-2684-2633,경기도 안산시
126,bm,Male,35,010-1943-2986,경기도 의정부시
127,ri,Male,30,010-4367-1720,경기도 군포시
128,io,Female,31,010-5606-5556,경기도 김포시
129,i.,Male,65,010-3977-6861,경기도 안성시
130,h2,Male,19,010-1245-6165,경기도 수원시
131,gl,Male,24,010-7968-3257,서울특별시 은평구
132,e-,Male,24,010-1782-7002,경기도 김포시
133,ck,Male,21,010-1394-5607,경기도 하남시
134,gm,Male,50,010-6044-9794,서울특별시 광진구
135,ne,Male,42,010-5690-3676,경기도 동두천시
136,eu,Male,53,010-4511-3745,경기도 수원시
137,te,Male,68,010-9937-1653,경기도 양주시
138,mh,Male,42,010-7006-9281,서울특별시 도봉구
139,qh,Female,39,010-7903-6511,경기도 평택시
140,ye,Female,41,010-1888-0838,경기도 안산시
141,kw,Female,53,010-2699-7952,경기도 안성시
142,sm,Male,52,010-5595-0762,경기도 수원시
143,jj,Male,60,010-8462-8849,경기도 안양시
144,jy,Female,67,010-7766-8889,경기도 이천시
145,kk,Female,40,010-5566-4834,경기도 과천시
146,ru,Female,32,010-7232-8190,경기도 광명시
147,ra,Male,31,010-6548-1151,서울특별시 도봉구
148,ar,Female,35,010-3744-5758,경기도 수원시
149,ys,Male,25,010-5211-2704,경기도 군포시
150,hs,Female,32,010-3859-2588,서울특별시 서초구
151,jk,Male,64,010-4195-0960,경기도 동두천시
152,wi,Male,36,010-0732-3073,서울특별시 종로구
153,tj,Male,24,010-3604-0991,경기도 용인시
154,bb,Female,23,010-1172-8624,경기도 이천시
155,de,Male,57,010-4589-6444,서울특별시 성북구
156,pp,Male,30,010-1330-1235,경기도 양평군
157,er,Female,27,010-2516-6266,서울특별시 은평구
158,re,Male,70,010-2228-3217,서울특별시 서초구
159,cl,Female,54,010-8924-4778,서울특별시 구로구
160,yh,Male,68,010-9616-7672,경기도 광주시
161,in,Female,52,010-0834-9756,경기도 군포시
162,fr,Male,43,010-0480-5678,서울특별시 서초구
163,qw,Male,64,010-7970-7029,경기도 광명시
164,se,Male,27,010-7915-6426,경기도 의정부시
165,hx,Male,31,010-8085-6657,서울특별시 중랑구
166,hg,Male,31,010-4735-6438,경기도 이천시
167,is,Female,40,010-5480-6220,경기도 남양주시
168,ke,Female,45,010-7062-9865,서울특별시 강남구
169,mc,Male,70,010-3168-2646,서울특별시 송파구
170,hv,Female,50,010-7002-1319,서울특별시 광진구
171,cp,Female,49,010-2442-0921,경기도 안성시
172,ha,Male,31,010-3525-0374,경기도 안양시
173,fs,Female,66,010-0310-3171,서울특별시 강북구
174,bo,Male,25,010-2670-7242,서울특별시 마포구
175,ta,Male,45,010-1210-0561,서울특별시 노원구
176,ca,Female,21,010-9193-7079,서울특별시 강남구
177,zx,Male,64,010-9973-2876,경기도 파주시
178,jr,Female,32,010-2130-6486,경기도 화성시
179,ur,Female,66,010-1843-0897,서울특별시 양천구
180,sn,Female,37,010-1729-3615,경기도 시흥시
181,mr,Female,70,010-6386-6377,경기도 양평군
182,jh,Male,25,010-9324-2310,경기도 양평군
183,ag,Female,62,010-4624-3821,서울특별시 송파구
184,si,Female,70,010-9879-7542,경기도 성남시
185,00,Male,42,010-5961-3898,경기도 안성시
186,sp,Female,40,010-5856-6797,경기도 의왕시
187,ah,Female,31,010-5960-0547,서울특별시 강남구
188,bj,Female,25,010-0578-5877,서울특별시 노원구
189,a1,Female,60,010-6135-1460,경기도 의왕시
190,rt,Male,37,010-0749-4900,서울특별시 관악구
191,wp,Female,66,010-0444-3495,경기도 안산시
192,ve,Female,48,010-7434-4080,경기도 고양시
193,hc,Female,57,010-6051-4837,경기도 광주시
194,ii,Female,61,010-5437-7019,서울특별시 광진구
195,cj,Female,23,010-2819-3471,경기도 구리시
196,ib,Male,45,010-1348-3141,서울특별시 서대문구
197,fc,Male,69,010-1230-0395,경기도 광주시
198,el,Male,33,010-3955-2811,서울특별시 강서구
199,wo,Female,58,010-6476-2972,서울특별시 서대문구
200,hp,Male,55,010-8241-1530,서울특별시 양천구
201,iu,Female,33,010-0866-3092,경기도 시흥시
202,ms,Female,64,010-7128-2343,경기도 과천시
203,ll,Male,24,010-5820-4773,경기도 군포시
204,wj,Female,52,010-2574-0786,서울특별시 광진구
205,oh,Female,19,010-9525-1074,서울특별시 노원구
206,ws,Male,59,010-7138-6854,경기도 하남시
207,lk,Female,31,010-7343-3745,경기도 고양시
208,we,Female,44,010-6355-7772,서울특별시 관악구
209,gi,Male,52,010-4170-7265,서울특별시 마포구
210,pu,Male,55,010-2356-7385,경기도 안양시
211,pn,Female,28,010-7198-9091,경기도 화성시
212,07,Female,26,010-3334-4945,경기도 구리시
213,me,Female,32,010-2946-4291,경기도 김포시
214,mu,Male,21,010-0899-2596,경기도 양평군
215,nc,Male,53,010-6856-8635,경기도 파주시
216,mi,Female,24,010-0506-5704,경기도 성남시
217,4v,Male,35,010-9925-7990,서울특별시 은평구
218,gj,Male,20,010-4640-3893,경기도 의왕시
219,zm,Male,44,010-8940-4423,경기도 고양시
220,xi,Female,31,010-4392-3134,경기도 양주시
221,s4,Male,37,010-4139-0169,경기도 평택시
222,60,Male,45,010-3814-1669,서울특별시 강동구
223,24,Female,53,010-3424-4387,서울특별시 은평구
224,gg,Female,42,010-7677-0580,경기도 안산시
225,2s,Male,68,010-5542-5907,경기도 용인시
226,jm,Female,37,010-6803-6340,서울특별시 성북구
227,ep,Male,63,010-7017-1027,서울특별시 서초구
228,jw,Female,68,010-8225-7211,경기도 구리시
229,iw,Male,23,010-5031-6993,서울특별시 노원구
230,bk,Male,23,010-7022-9633,서울특별시 노원구
231,s2,Male,34,010-7048-3551,경기도 화성시
232,37,Female,38,010-0846-3053,경기도 광주시
233,ql,Female,65,010-1325-6674,경기도 안양시
234,45,Male,59,010-7339-6242,경기도 화성시
235,sc,Male,28,010-1620-7405,경기도 구리시
236,ps,Male,29,010-4478-8060,경기도 안산시
237,yj,Female,51,010-8925-2384,서울특별시 마포구
238,ry,Female,43,010-5359-2126,경기도 이천시
239,o3,Female,44,010-7290-3954,서울특별시 도봉구
240,yy,Male,19,010-4889-4769,경기도 파주시
241,sw,Male,28,010-1950-8602,서울특별시 관악구
242,pe,Female,42,010-6629-3745,서울특별시 노원구
243,xe,Male,63,010-9844-5556,경기도 고양시
244,ky,Female,30,010-5505-1795,경기도 안양시
245,bs,Male,66,010-3163-8596,서울특별시 강남구
246,e_,Male,33,010-0430-0792,경기도 성남시
247,tn,Female,52,010-0632-4095,경기도 이천시
248,mo,Female,68,010-0286-7839,서울특별시 강남구
249,gn,Male,24,010-1876-9420,서울특별시 서대문구
250,tp,Female,69,010-7737-0037,서울특별시 마포구
251,yn,Male,45,010-9451-4819,경기도 군포시
252,nh,Male,59,010-3533-8612,서울특별시 서대문구
253,kr,Female,54,010-0425-1173,서울특별시 강서구
254,vj,Male,33,010-0598-1858,경기도 가평군
255,br,Female,47,010-7811-3372,서울특별시 종로구
256,du,Male,59,010-3768-2761,경기도 구리시
257,rv,Female,69,010-1995-0404,경기도 고양시
258,kh,Female,64,010-1389-1502,서울특별시 종로구
259,rh,Male,53,010-3142-9175,경기도 용인시
260,tm,Male,61,010-2727-7547,경기도 양주시
261,yd,Male,27,010-5599-8064,서울특별시 도봉구
262,tu,Female,47,010-0675-3898,경기도 과천시
263,lh,Female,39,010-7639-3406,서울특별시 관악구
264,hh,Female,34,010-9314-7403,경기도 군포시
265,tv,Male,40,010-8973-1590,서울특별시 성북구
266,hz,Female,48,010-2700-1106,경기도 의정부시
267,bh,Female,26,010-0811-1035,서울특별시 강남구
268,zo,Male,52,010-2923-4981,경기도 양평군
269,ns,Male,67,010-5632-9961,경기도 가평군
270,rn,Female,41,010-3101-9061,서울특별시 도봉구
271,kd,Female,34,010-2972-6284,서울특별시 서초구
272,hu,Female,29,010-5782-3923,경기도 하남시
273,lu,Female,57,010-7314-5647,서울특별시 중랑구
274,09,Female,29,010-1742-0086,경기도 고양시
275,vl,Male,58,010-3075-4472,경기도 양평군
276,on,Female,49,010-7162-6606,경기도 이천시
277,ds,Female,31,010-9644-6231,경기도 수원시
278,gy,Female,50,010-1260-7447,경기도 고양시
279,sy,Male,33,010-7569-6117,서울특별시 성북구
280,ga,Male,27,010-1244-2559,경기도 평택시
281,it,Male,26,010-6008-1722,경기도 시흥시
282,vv,Female,52,010-1933-1707,경기도 안성시
283,tr,Male,56,010-5312-5702,경기도 안양시
284,xy,Male,32,010-5592-1128,서울특별시 중랑구
285,un,Female,63,010-6944-1612,경기도 파주시
286,sd,Female,27,010-5284-2320,경기도 고양시
287,dw,Male,37,010-9361-0742,경기도 군포시
288,t2,Male,63,010-4957-0390,경기도 양주시
289,iq,Female,36,010-6390-4984,경기도 하남시
290,ap,Female,54,010-3566-3858,경기도 이천시
291,fj,Female,59,010-2271-8448,경기도 의정부시
292,em,Female,69,010-1933-1947,경기도 수원시
293,j5,Female,64,010-2056-4796,경기도 의정부시
294,sl,Male,61,010-3476-7997,서울특별시 송파구
295,ul,Male,58,010-2712-5092,경기도 광주시
296,kb,Female,43,010-2474-5814,경기도 의정부시
297,n-,Female,25,010-8220-5127,경기도 양평군
298,13,Male,64,010-4818-2935,경기도 동두천시
299,tk,Male,33,010-6938-5166,경기도 남양주시
300,au,Female,63,010-4160-9460,경기도 안양시
301,ly,Female,63,010-3443-8923,경기도 안양시
302,11,Female,44,010-4044-9294,서울특별시 양천구
303,ze,Female,60,010-6719-9671,서울특별시 금천구
304,tl,Male,35,010-8200-2022,경기도 수원시
305,zz,Female,40,010-7602-8997,서울특별시 금천구
306,cu,Male,47,010-9505-5691,서울특별시 서대문구
307,kn,Female,48,010-6091-1610,서울특별시 강북구
308,12,Male,27,010-1472-0168,서울특별시 구로구
309,ad,Male,28,010-7441-5385,서울특별시 구로구
310,jv,Male,68,010-5334-5134,서울특별시 도봉구
311,78,Female,58,010-6824-6300,경기도 양주시
312,sb,Male,32,010-4405-7980,경기도 파주시
313,k9,Female,30,010-1466-4753,경기도 안성시
314,ic,Male,48,010-8047-9625,서울특별시 서초구
315,xm,Female,33,010-9035-4619,경기도 수원시
316,eo,Female,43,010-4579-5485,경기도 과천시
317,md,Female,29,010-5317-1666,서울특별시 강서구
318,zi,Female,42,010-7024-2450,서울특별시 중랑구
319,pi,Female,55,010-9303-2485,서울특별시 관악구
320,ai,Female,45,010-6903-0436,서울특별시 서초구
321,sj,Male,24,010-7262-2683,서울특별시 관악구
322,km,Female,28,010-1114-6397,경기도 이천시
323,fa,Male,24,010-9424-7080,서울특별시 광진구
324,tt,Female,67,010-6857-3665,경기도 이천시
325,oo,Male,49,010-1636-3140,경기도 동두천시
326,k3,Female,31,010-9332-9098,서울특별시 금천구
327,ae,Male,24,010-0131-7559,서울특별시 노원구
328,cx,Female,46,010-4169-8457,서울특별시 금천구
329,fu,Female,22,010-0240-8510,서울특별시 마포구
330,ku,Male,28,010-8342-8485,경기도 시흥시
331,uk,Male,56,010-3316-0092,서울특별시 도봉구
332,sf,Female,43,010-6282-2307,경기도 가평군
333,ld,Male,52,010-8268-1637,경기도 평택시
334,h1,Female,31,010-4199-0000,서울특별시 은평구
335,pm,Female,21,010-8355-9800,경기도 평택시
336,ww,Female,50,010-3619-1378,경기도 양주시
337,ir,Female,45,010-8510-2408,경기도 광주시
338,om,Male,41,010-3592-3735,서울특별시 노원구
339,0f,Male,20,010-2675-0186,경기도 화성시
340,pl,Male,48,010-0043-1835,서울특별시 관악구
341,dh,Male,39,010-1650-4524,경기도 시흥시
342,y2,Female,28,010-6937-9375,경기도 양평군
343,cy,Male,27,010-3136-2191,서울특별시 노원구
344,va,Female,59,010-8454-3960,경기도 부천시
345,nt,Male,56,010-9920-2501,경기도 안산시
346,uf,Male,61,010-7746-3616,서울특별시 중랑구
347,us,Female,19,010-7342-0097,서울특별시 강북구
348,ab,Male,65,010-8491-6328,경기도 과천시
349,ou,Female,29,010-0702-5505,서울특별시 강동구
350,jg,Female,65,010-2422-5973,서울특별시 강동구
351,wk,Female,19,010-6537-8114,경기도 이천시
352,gk,Female,26,010-8521-6133,서울특별시 노원구
353,t0,Male,65,010-5209-3378,서울특별시 마포구
354,cf,Female,31,010-6446-9784,서울특별시 구로구
355,19,Female,70,010-7760-0788,서울특별시 서대문구
356,32,Male,30,010-8059-8519,경기도 양주시
357,o8,Female,29,010-2435-6232,경기도 군포시
358,f2,Male,57,010-8458-1773,서울특별시 강남구
359,hk,Female,22,010-1178-0425,경기도 양평군
360,35,Male,59,010-3053-8627,서울특별시 서초구
361,kp,Female,48,010-9928-8854,경기도 광명시
362,dr,Male,28,010-8050-4117,서울특별시 양천구
363,ty,Female,67,010-3024-0657,경기도 파주시
364,ph,Female,47,010-6494-5140,서울특별시 노원구
365,bv,Male,63,010-6075-7803,서울특별시 광진구
366,ix,Female,36,010-2964-8723,서울특별시 중랑구
367,ak,Male,22,010-2859-9925,경기도 이천시
368,01,Female,39,010-1425-6239,경기도 부천시
369,hn,Male,60,010-6632-8594,경기도 가평군
370,qm,Female,41,010-4050-8787,서울특별시 강동구
371,gs,Female,53,010-8421-3581,경기도 안성시
372,s3,Female,20,010-4723-1283,경기도 용인시
373,ny,Male,34,010-6027-6029,서울특별시 강북구
374,ig,Male,56,010-5265-5305,서울특별시 관악구
375,7h,Male,56,010-3693-4033,경기도 하남시
376,20,Male,47,010-7828-1018,서울특별시 강남구
377,dy,Male,19,010-2397-5311,서울특별시 송파구
378,bg,Female,35,010-8361-9798,서울특별시 성북구
379,mk,Female,53,010-9423-6673,서울특별시 은평구
380,dj,Female,35,010-7942-8119,서울특별시 서초구
381,52,Female,53,010-3574-4755,서울특별시 성북구
382,pd,Male,37,010-2975-9757,서울특별시 금천구
383,aa,Female,39,010-1290-5230,경기도 광명시
384,nn,Male,63,010-8808-6190,경기도 용인시
385,88,Male,38,010-6395-5752,경기도 성남시
386,zn,Female,51,010-7286-4303,서울특별시 강남구
387,a0,Male,26,010-0287-0318,경기도 안양시
388,ec,Female,28,010-6241-3425,경기도 양주시
389,ed,Female,47,010-5743-9370,서울특별시 종로구
390,rb,Female,34,010-6341-7496,경기도 남양주시
391,rk,Female,23,010-7939-5133,서울특별시 종로구
392,n1,Female,33,010-0390-1258,서울특별시 강남구
393,79,Female,70,010-2312-6987,서울특별시 종로구
394,am,Female,41,010-7484-4850,서울특별시 광진구
395,ik,Female,55,010-2081-5614,서울특별시 금천구
396,aw,Male,43,010-3168-7592,서울특별시 중랑구
397,k_,Female,25,010-3465-6228,서울특별시 도봉구
398,w7,Male,25,010-7043-5118,경기도 수원시
399,yr,Male,42,010-1878-3383,서울특별시 광진구
400,99,Female,46,010-6082-8964,경기도 안성시
401,kf,Male,18,010-7940-2940,서울특별시 종로구
402,qu,Male,29,010-9417-2828,경기도 남양주시
403,c2,Male,20,010-4265-9225,서울특별시 금천구
404,mw,Female,69,010-6071-7783,서울특별시 마포구
405,jt,Female,66,010-5314-2899,경기도 안성시
406,7j,Male,47,010-6715-4137,서울특별시 서대문구
407,1l,Male,40,010-5357-1237,서울특별시 서초구
408,j-,Male,50,010-4406-4343,서울특별시 강북구
409,kg,Male,30,010-5752-3188,경기도 안산시
410,pc,Male,21,010-3271-6152,경기도 이천시
411,ok,Male,36,010-4908-7118,경기도 고양시
412,wb,Male,41,010-1911-2354,서울특별시 강서구
413,04,Male,24,010-2969-6994,서울특별시 강북구
414,17,Male,65,010-2722-1227,경기도 화성시
415,gd,Male,45,010-4420-7652,경기도 용인시
416,mj,Female,22,010-1647-5254,서울특별시 종로구
417,8w,Female,40,010-6250-8292,서울특별시 서초구
418,ua,Male,38,010-9592-7540,경기도 이천시
419,o_,Female,19,010-9875-1325,서울특별시 은평구
420,d_,Male,34,010-8177-0207,서울특별시 강서구
421,oc,Male,32,010-6478-2969,경기도 파주시
422,86,Male,35,010-1023-4812,경기도 남양주시
423,kl,Male,36,010-6363-8364,경기도 광명시
424,fb,Female,49,010-3973-5020,경기도 수원시
425,25,Male,49,010-6126-6384,경기도 하남시
426,ud,Male,41,010-5946-3363,서울특별시 양천구
427,yi,Female,40,010-7430-3668,서울특별시 송파구
428,yw,Male,35,010-8814-0718,경기도 성남시
429,j1,Male,41,010-9026-0516,경기도 의왕시
430,az,Female,58,010-4044-7365,경기도 과천시
431,ht,Female,65,010-9472-2162,서울특별시 송파구
432,48,Male,50,010-0954-5357,경기도 남양주시
433,fo,Male,56,010-8033-1750,서울특별시 구로구
434,nb,Female,59,010-6488-8316,경기도 광명시
435,ex,Male,21,010-6921-5061,서울특별시 서초구
436,qn,Male,28,010-8747-0412,서울특별시 은평구
437,ct,Male,39,010-3885-9309,서울특별시 중랑구
438,r5,Male,27,010-8919-3547,서울특별시 강동구
439,42,Female,29,010-1121-2798,경기도 안양시
440,0_,Female,23,010-5574-2161,경기도 용인시
441,qa,Male,63,010-0571-3429,서울특별시 양천구
442,bu,Female,37,010-4444-2290,경기도 김포시
443,rp,Female,27,010-3912-8461,경기도 양주시
444,ew,Male,39,010-2501-7015,경기도 의왕시
445,ay,Male,41,010-1603-4849,경기도 성남시
446,zl,Male,64,010-7797-1611,경기도 성남시
447,ox,Male,35,010-4037-4213,경기도 성남시
448,ml,Male,44,010-9421-9919,경기도 가평군
449,nm,Male,23,010-4286-1979,경기도 용인시
450,mb,Male,42,010-6401-2048,서울특별시 은평구
451,ev,Female,69,010-0010-8631,서울특별시 광진구
452,22,Female,34,010-1725-1857,경기도 과천시
453,ym,Female,44,010-3339-1280,경기도 남양주시
454,7c,Female,41,010-5839-9438,경기도 수원시
455,lc,Female,67,010-5255-4046,경기도 광주시
456,a4,Female,26,010-1865-4239,경기도 파주시
457,xj,Male,21,010-2177-5580,경기도 안양시
458,yl,Male,30,010-5148-9329,경기도 용인시
459,od,Female,18,010-9405-9793,경기도 이천시
460,ac,Male,57,010-5419-6438,서울특별시 중랑구
461,vr,Male,53,010-4672-9840,경기도 화성시
462,rz,Male,56,010-1536-0735,서울특별시 관악구
463,xx,Male,49,010-0158-4230,서울특별시 서초구
464,dp,Female,19,010-6078-1499,서울특별시 관악구
465,p2,Male,36,010-2006-1880,서울특별시 서대문구
466,g-,Female,47,010-1992-3058,경기도 고양시
467,46,Female,70,010-8541-2572,경기도 파주시
468,03,Male,67,010-6462-1704,경기도 구리시
469,yb,Female,56,010-3643-5837,경기도 의왕시
470,bt,Female,43,010-3303-9120,경기도 동두천시
471,j8,Male,48,010-0871-8398,경기도 양평군
472,f5,Male,60,010-4120-6049,경기도 양주시
473,z0,Male,21,010-1449-8215,경기도 화성시
474,rd,Male,61,010-9033-0964,경기도 하남시
475,z_,Female,65,010-1341-3584,경기도 성남시
476,py,Male,43,010-8885-3109,경기도 파주시
477,hb,Female,39,010-7674-6202,경기도 김포시
478,s.,Male,70,010-9201-2960,서울특별시 강서구
479,s9,Female,43,010-1621-8355,경기도 안성시
480,nu,Female,41,010-0676-5578,경기도 의정부시
481,40,Male,70,010-3886-2296,서울특별시 은평구
482,yp,Male,55,010-2149-2153,경기도 의왕시
483,lp,Male,68,010-8758-7467,경기도 이천시
484,2c,Female,27,010-8433-8255,경기도 구리시
485,jd,Male,59,010-4115-0941,서울특별시 마포구
486,15,Female,67,010-6709-9016,경기도 이천시
487,xb,Female,66,010-4187-3466,경기도 안산시
488,up,Male,65,010-6612-9280,서울특별시 관악구
489,cm,Female,27,010-2650-8905,경기도 안양시
490,cc,Female,44,010-0453-7123,경기도 양평군
491,uc,Female,27,010-9562-7605,서울특별시 중랑구
492,yc,Male,57,010-3434-8418,경기도 군포시
493,uz,Male,48,010-9582-3686,서울특별시 양천구
494,qt,Female,34,010-0219-9956,경기도 동두천시
495,oz,Female,53,010-2537-1502,경기도 부천시
496,j7,Female,68,010-5407-2431,경기도 안산시
497,dm,Male,55,010-6366-7598,경기도 파주시
498,ov,Female,50,010-2983-1187,경기도 동두천시
499,vy,Male,57,010-3126-3672,경기도 의정부시
500,kz,Male,64,010-5740-3635,경기도 양주시
501,sr,Female,33,010-9482-8498,경기도 구리시
502,mm,Male,36,010-5052-5718,경기도 동두천시
503,qi,Female,40,010-5618-1578,경기도 시흥시
504,3k,Male,61,010-1478-9023,경기도 안산시
505,kc,Female,56,010-7351-4585,서울특별시 구로구
506,mt,Male,24,010-2309-6080,경기도 동두천시
507,zg,Male,31,010-9423-5730,경기도 수원시
508,wd,Female,60,010-1201-7787,경기도 안양시
509,gt,Male,38,010-7229-1208,서울특별시 종로구
510,89,Male,32,010-4725-3909,서울특별시 강서구
511,tb,Male,26,010-0824-7214,경기도 군포시
512,cd,Male,49,010-4121-2520,서울특별시 노원구
513,a_,Male,22,010-4110-2394,서울특별시 강서구
514,s-,Male,51,010-9058-2583,경기도 용인시
515,dt,Male,30,010-8715-0052,경기도 부천시
516,gb,Male,31,010-8926-3397,경기도 안양시
517,rj,Male,65,010-2076-1052,경기도 의정부시
518,s0,Female,66,010-5228-1240,서울특별시 강북구
519,s_,Male,27,010-5138-0307,경기도 구리시
520,87,Female,18,010-0427-1733,서울특별시 관악구
521,2j,Male,55,010-4068-0239,경기도 의정부시
522,dc,Female,38,010-4870-3395,서울특별시 도봉구
523,a6,Male,61,010-8327-4115,경기도 양주시
524,qj,Female,70,010-4251-6200,서울특별시 양천구
525,l9,Female,45,010-8681-4919,경기도 김포시
526,93,Female,44,010-0851-2773,서울특별시 강남구
527,ci,Male,27,010-5189-3393,서울특별시 마포구
528,zh,Female,42,010-1285-2695,경기도 부천시
529,2k,Female,30,010-2799-9408,경기도 수원시
530,iz,Female,61,010-9877-3962,경기도 이천시
531,ee,Male,47,010-0488-0638,서울특별시 서초구
532,ia,Female,31,010-1770-9147,경기도 시흥시
533,bx,Female,51,010-6218-5258,경기도 의정부시
534,nj,Female,63,010-0268-7444,서울특별시 도봉구
535,08,Male,52,010-2258-3600,경기도 수원시
536,ef,Male,39,010-5329-1233,경기도 김포시
537,49,Male,22,010-7970-9688,경기도 의왕시
538,d0,Female,38,010-4263-3656,경기도 군포시
539,nx,Female,68,010-6565-9866,서울특별시 서대문구
540,ip,Female,24,010-4788-1456,경기도 구리시
541,sx,Male,51,010-0395-2597,서울특별시 종로구
542,hr,Male,70,010-2213-4711,경기도 이천시
543,et,Male,36,010-2503-5766,서울특별시 강북구
544,Cu,Female,46,010-8987-8537,경기도 평택시
545,7s,Female,62,010-0405-1683,경기도 의왕시
546,o1,Female,44,010-9439-1384,경기도 안양시
547,69,Female,52,010-5023-1724,서울특별시 광진구
548,ey,Male,62,010-1432-3283,서울특별시 마포구
549,e2,Male,38,010-9177-6967,경기도 양주시
550,ts,Female,48,010-3183-0026,경기도 동두천시
551,qp,Male,70,010-8841-0130,서울특별시 강북구
552,ng,Male,57,010-6116-4762,경기도 양주시
553,pk,Male,36,010-0136-3711,서울특별시 송파구
554,vu,Male,67,010-0644-6740,경기도 성남시
555,um,Male,25,010-7967-7986,서울특별시 서대문구
556,m@,Female,54,010-1814-5678,서울특별시 노원구
557,96,Male,48,010-7896-8484,경기도 화성시
558,wf,Male,62,010-6523-9428,경기도 동두천시
559,v7,Female,30,010-1178-7924,경기도 고양시
560,16,Female,55,010-9612-3443,경기도 평택시
561,h9,Female,36,010-7380-2516,경기도 하남시
562,mf,Male,24,010-8056-7095,경기도 양평군
563,p9,Female,55,010-5843-3928,경기도 수원시
564,ei,Male,32,010-1825-8838,서울특별시 마포구
565,xc,Female,28,010-5887-5277,경기도 파주시
566,iv,Female,53,010-0815-9200,서울특별시 성북구
567,xd,Male,28,010-4015-8468,서울특별시 금천구
568,38,Male,40,010-0936-3543,경기도 부천시
569,qs,Male,45,010-8044-3439,서울특별시 도봉구
570,94,Female,68,010-1234-5822,경기도 안산시
571,b9,Male,23,010-9929-0309,경기도 용인시
572,4_,Female,23,010-3374-0968,경기도 의정부시
573,fy,Male,28,010-0848-3735,서울특별시 양천구
574,xp,Male,59,010-4779-2033,서울특별시 성북구
575,jx,Male,18,010-0878-4873,경기도 남양주시
576,4e,Male,42,010-1612-7625,경기도 가평군
577,wc,Female,60,010-5945-2566,경기도 안성시
578,75,Male,35,010-1992-8839,경기도 하남시
579,97,Female,33,010-5272-5913,경기도 수원시
580,k8,Male,21,010-5260-2958,서울특별시 양천구
581,d2,Male,47,010-8858-7652,경기도 동두천시
582,05,Male,56,010-4087-6170,경기도 시흥시
583,ie,Female,47,010-8579-7048,서울특별시 송파구
584,44,Male,23,010-5498-3769,경기도 평택시
585,85,Male,58,010-3132-1617,경기도 화성시
586,n_,Male,67,010-1239-6324,서울특별시 은평구
587,4u,Male,21,010-8864-3547,서울특별시 강남구
588,cn,Female,60,010-3482-0788,경기도 군포시
589,84,Female,61,010-0475-1073,경기도 하남시
590,c7,Male,34,010-9483-1390,경기도 과천시
591,zk,Female,35,010-0423-2235,경기도 용인시
592,tg,Female,28,010-3503-7845,경기도 양주시
593,Ji,Male,69,010-8038-7379,서울특별시 금천구
594,ej,Male,45,010-6644-3450,서울특별시 강북구
595,xk,Female,44,010-6447-5731,경기도 성남시
596,oy,Female,26,010-2906-0321,경기도 안성시
597,hd,Male,19,010-0554-9144,서울특별시 은평구
598,rs,Female,44,010-9540-4136,경기도 남양주시
599,rf,Male,56,010-7568-5726,서울특별시 금천구
600,90,Male,51,010-5249-8592,경기도 용인시
601,sg,Female,49,010-6626-2165,서울특별시 강동구
602,hm,Male,43,010-2504-2001,경기도 성남시
603,ui,Male,37,010-8336-8131,서울특별시 금천구
604,2p,Female,28,010-7624-4055,서울특별시 마포구
605,g5,Female,24,010-1797-1660,경기도 수원시
606,43,Female,48,010-2471-7711,경기도 시흥시
607,2m,Female,54,010-6877-2419,서울특별시 구로구
608,ot,Male,31,010-5716-2192,서울특별시 금천구
609,02,Female,67,010-7017-5210,경기도 안양시
610,53,Male,46,010-2835-3840,서울특별시 강서구
611,i-,Male,23,010-5537-7339,경기도 양평군
612,es,Female,22,010-6893-7739,서울특별시 서초구
613,vw,Female,65,010-0476-3628,경기도 동두천시
614,j4,Female,30,010-3068-2850,서울특별시 노원구
